{"cameraMode":{"drawMode":0,"name":"Shaded","section":"Shading Mode"},"sceneLighting":true,"audioPlay":false,"sceneViewState":{"m_AlwaysRefresh":false,"showFog":true,"showSkybox":true,"showFlares":true,"showImageEffects":true,"showParticleSystems":true,"showVisualEffectGraphs":true,"m_FxEnabled":true},"in2DMode":false,"pivot":{"x":-2.1598944664001467,"y":-1.8014247417449952,"z":-14.409059524536133},"rotation":{"x":0.26227107644081118,"y":-0.4859641492366791,"z":0.15561304986476899,"w":0.8190465569496155},"size":8.916089057922364,"orthographic":false}